code,name,text_status,WHO_print_page,xyz_status,skin_registered,clinical_reviewer,measured_error,required_landmarks
LU1,中府,旧版部位摘要；尚待逐条核对原标准,26,unregistered,False,,,需按原标准确认体表标志、体位和局部骨度分寸
LU2,云门,旧版部位摘要；尚待逐条核对原标准,26,unregistered,False,,,需按原标准确认体表标志、体位和局部骨度分寸
LU3,天府,旧版部位摘要；尚待逐条核对原标准,27,unregistered,False,,,需按原标准确认体表标志、体位和局部骨度分寸
LU4,侠白,旧版部位摘要；尚待逐条核对原标准,27,unregistered,False,,,需按原标准确认体表标志、体位和局部骨度分寸
LU5,尺泽,文献部位摘要；三维未校准,28,unregistered,False,,,肘前横纹、肱二头肌腱、屈肘姿势
LU6,孔最,旧版部位摘要；尚待逐条核对原标准,28,unregistered,False,,,需按原标准确认体表标志、体位和局部骨度分寸
LU7,列缺,旧版部位摘要；尚待逐条核对原标准,29,unregistered,False,,,需按原标准确认体表标志、体位和局部骨度分寸
LU8,经渠,旧版部位摘要；尚待逐条核对原标准,29,unregistered,False,,,需按原标准确认体表标志、体位和局部骨度分寸
LU9,太渊,旧版部位摘要；尚待逐条核对原标准,30,unregistered,False,,,需按原标准确认体表标志、体位和局部骨度分寸
LU10,鱼际,旧版部位摘要；尚待逐条核对原标准,30,unregistered,False,,,需按原标准确认体表标志、体位和局部骨度分寸
LU11,少商,旧版部位摘要；尚待逐条核对原标准,31,unregistered,False,,,需按原标准确认体表标志、体位和局部骨度分寸
LI1,商阳,旧版部位摘要；尚待逐条核对原标准,34,unregistered,False,,,需按原标准确认体表标志、体位和局部骨度分寸
LI2,二间,旧版部位摘要；尚待逐条核对原标准,34,unregistered,False,,,需按原标准确认体表标志、体位和局部骨度分寸
LI3,三间,旧版部位摘要；尚待逐条核对原标准,35,unregistered,False,,,需按原标准确认体表标志、体位和局部骨度分寸
LI4,合谷,文献部位摘要；三维未校准,35,unregistered,False,,,第2掌骨、桡侧方位、手部姿势
LI5,阳溪,旧版部位摘要；尚待逐条核对原标准,36,unregistered,False,,,需按原标准确认体表标志、体位和局部骨度分寸
LI6,偏历,旧版部位摘要；尚待逐条核对原标准,36,unregistered,False,,,需按原标准确认体表标志、体位和局部骨度分寸
LI7,温溜,旧版部位摘要；尚待逐条核对原标准,37,unregistered,False,,,需按原标准确认体表标志、体位和局部骨度分寸
LI8,下廉,旧版部位摘要；尚待逐条核对原标准,37,unregistered,False,,,需按原标准确认体表标志、体位和局部骨度分寸
LI9,上廉,旧版部位摘要；尚待逐条核对原标准,38,unregistered,False,,,需按原标准确认体表标志、体位和局部骨度分寸
LI10,手三里,旧版部位摘要；尚待逐条核对原标准,38,unregistered,False,,,需按原标准确认体表标志、体位和局部骨度分寸
LI11,曲池,旧版部位摘要；尚待逐条核对原标准,39,unregistered,False,,,需按原标准确认体表标志、体位和局部骨度分寸
LI12,肘髎,旧版部位摘要；尚待逐条核对原标准,39,unregistered,False,,,需按原标准确认体表标志、体位和局部骨度分寸
LI13,手五里,旧版部位摘要；尚待逐条核对原标准,40,unregistered,False,,,需按原标准确认体表标志、体位和局部骨度分寸
LI14,臂臑,旧版部位摘要；尚待逐条核对原标准,40,unregistered,False,,,需按原标准确认体表标志、体位和局部骨度分寸
LI15,肩髃,旧版部位摘要；尚待逐条核对原标准,41,unregistered,False,,,需按原标准确认体表标志、体位和局部骨度分寸
LI16,巨骨,旧版部位摘要；尚待逐条核对原标准,41,unregistered,False,,,需按原标准确认体表标志、体位和局部骨度分寸
LI17,天鼎,旧版部位摘要；尚待逐条核对原标准,42,unregistered,False,,,需按原标准确认体表标志、体位和局部骨度分寸
LI18,扶突,旧版部位摘要；尚待逐条核对原标准,42,unregistered,False,,,需按原标准确认体表标志、体位和局部骨度分寸
LI19,口禾髎,旧版部位摘要；尚待逐条核对原标准,43,unregistered,False,,,需按原标准确认体表标志、体位和局部骨度分寸
LI20,迎香,文献部位摘要；三维未校准,43,unregistered,False,,,鼻翼外缘中点、鼻唇沟
ST1,承泣,旧版部位摘要；尚待逐条核对原标准,46,unregistered,False,,,需按原标准确认体表标志、体位和局部骨度分寸
ST2,四白,旧版部位摘要；尚待逐条核对原标准,46,unregistered,False,,,需按原标准确认体表标志、体位和局部骨度分寸
ST3,巨髎,旧版部位摘要；尚待逐条核对原标准,47,unregistered,False,,,需按原标准确认体表标志、体位和局部骨度分寸
ST4,地仓,旧版部位摘要；尚待逐条核对原标准,47,unregistered,False,,,需按原标准确认体表标志、体位和局部骨度分寸
ST5,大迎,旧版部位摘要；尚待逐条核对原标准,48,unregistered,False,,,需按原标准确认体表标志、体位和局部骨度分寸
ST6,颊车,旧版部位摘要；尚待逐条核对原标准,48,unregistered,False,,,需按原标准确认体表标志、体位和局部骨度分寸
ST7,下关,旧版部位摘要；尚待逐条核对原标准,49,unregistered,False,,,需按原标准确认体表标志、体位和局部骨度分寸
ST8,头维,旧版部位摘要；尚待逐条核对原标准,49,unregistered,False,,,需按原标准确认体表标志、体位和局部骨度分寸
ST9,人迎,旧版部位摘要；尚待逐条核对原标准,50,unregistered,False,,,需按原标准确认体表标志、体位和局部骨度分寸
ST10,水突,旧版部位摘要；尚待逐条核对原标准,50,unregistered,False,,,需按原标准确认体表标志、体位和局部骨度分寸
ST11,气舎,旧版部位摘要；尚待逐条核对原标准,51,unregistered,False,,,需按原标准确认体表标志、体位和局部骨度分寸
ST12,缺盆,旧版部位摘要；尚待逐条核对原标准,51,unregistered,False,,,需按原标准确认体表标志、体位和局部骨度分寸
ST13,气戶,旧版部位摘要；尚待逐条核对原标准,52,unregistered,False,,,需按原标准确认体表标志、体位和局部骨度分寸
ST14,库房,旧版部位摘要；尚待逐条核对原标准,52,unregistered,False,,,需按原标准确认体表标志、体位和局部骨度分寸
ST15,屋翳,旧版部位摘要；尚待逐条核对原标准,53,unregistered,False,,,需按原标准确认体表标志、体位和局部骨度分寸
ST16,膺窓,旧版部位摘要；尚待逐条核对原标准,53,unregistered,False,,,需按原标准确认体表标志、体位和局部骨度分寸
ST17,(乳)中,旧版部位摘要；尚待逐条核对原标准,54,unregistered,False,,,需按原标准确认体表标志、体位和局部骨度分寸
ST18,(乳)根,旧版部位摘要；尚待逐条核对原标准,54,unregistered,False,,,需按原标准确认体表标志、体位和局部骨度分寸
ST19,不容,旧版部位摘要；尚待逐条核对原标准,55,unregistered,False,,,需按原标准确认体表标志、体位和局部骨度分寸
ST20,承满,旧版部位摘要；尚待逐条核对原标准,55,unregistered,False,,,需按原标准确认体表标志、体位和局部骨度分寸
ST21,梁门,旧版部位摘要；尚待逐条核对原标准,56,unregistered,False,,,需按原标准确认体表标志、体位和局部骨度分寸
ST22,关门,旧版部位摘要；尚待逐条核对原标准,56,unregistered,False,,,需按原标准确认体表标志、体位和局部骨度分寸
ST23,太乙,旧版部位摘要；尚待逐条核对原标准,57,unregistered,False,,,需按原标准确认体表标志、体位和局部骨度分寸
ST24,滑肉门,旧版部位摘要；尚待逐条核对原标准,57,unregistered,False,,,需按原标准确认体表标志、体位和局部骨度分寸
ST25,天枢,旧版部位摘要；尚待逐条核对原标准,58,unregistered,False,,,需按原标准确认体表标志、体位和局部骨度分寸
ST26,外陵,旧版部位摘要；尚待逐条核对原标准,58,unregistered,False,,,需按原标准确认体表标志、体位和局部骨度分寸
ST27,大巨,旧版部位摘要；尚待逐条核对原标准,59,unregistered,False,,,需按原标准确认体表标志、体位和局部骨度分寸
ST28,水道,旧版部位摘要；尚待逐条核对原标准,59,unregistered,False,,,需按原标准确认体表标志、体位和局部骨度分寸
ST29,归来,旧版部位摘要；尚待逐条核对原标准,60,unregistered,False,,,需按原标准确认体表标志、体位和局部骨度分寸
ST30,气冲,旧版部位摘要；尚待逐条核对原标准,60,unregistered,False,,,需按原标准确认体表标志、体位和局部骨度分寸
ST31,髀关,旧版部位摘要；尚待逐条核对原标准,61,unregistered,False,,,需按原标准确认体表标志、体位和局部骨度分寸
ST32,伏兔,旧版部位摘要；尚待逐条核对原标准,62,unregistered,False,,,需按原标准确认体表标志、体位和局部骨度分寸
ST33,阴市,旧版部位摘要；尚待逐条核对原标准,62,unregistered,False,,,需按原标准确认体表标志、体位和局部骨度分寸
ST34,梁丘,旧版部位摘要；尚待逐条核对原标准,63,unregistered,False,,,需按原标准确认体表标志、体位和局部骨度分寸
ST35,犊鼻,旧版部位摘要；尚待逐条核对原标准,63,unregistered,False,,,需按原标准确认体表标志、体位和局部骨度分寸
ST36,足三里,文献部位摘要；三维未校准,64,unregistered,False,,,膝部标志、胫骨前嵴、局部骨度分寸
ST37,上巨虚,旧版部位摘要；尚待逐条核对原标准,64,unregistered,False,,,需按原标准确认体表标志、体位和局部骨度分寸
ST38,条口,旧版部位摘要；尚待逐条核对原标准,65,unregistered,False,,,需按原标准确认体表标志、体位和局部骨度分寸
ST39,下巨虚,旧版部位摘要；尚待逐条核对原标准,65,unregistered,False,,,需按原标准确认体表标志、体位和局部骨度分寸
ST40,丰隆,旧版部位摘要；尚待逐条核对原标准,66,unregistered,False,,,需按原标准确认体表标志、体位和局部骨度分寸
ST41,解溪,旧版部位摘要；尚待逐条核对原标准,66,unregistered,False,,,需按原标准确认体表标志、体位和局部骨度分寸
ST42,冲阳,旧版部位摘要；尚待逐条核对原标准,67,unregistered,False,,,需按原标准确认体表标志、体位和局部骨度分寸
ST43,陥谷,旧版部位摘要；尚待逐条核对原标准,67,unregistered,False,,,需按原标准确认体表标志、体位和局部骨度分寸
ST44,内庭,旧版部位摘要；尚待逐条核对原标准,68,unregistered,False,,,需按原标准确认体表标志、体位和局部骨度分寸
ST45,厉兑,旧版部位摘要；尚待逐条核对原标准,68,unregistered,False,,,需按原标准确认体表标志、体位和局部骨度分寸
SP1,隐白,旧版部位摘要；尚待逐条核对原标准,70,unregistered,False,,,需按原标准确认体表标志、体位和局部骨度分寸
SP2,大都(都),旧版部位摘要；尚待逐条核对原标准,70,unregistered,False,,,需按原标准确认体表标志、体位和局部骨度分寸
SP3,太白,旧版部位摘要；尚待逐条核对原标准,71,unregistered,False,,,需按原标准确认体表标志、体位和局部骨度分寸
SP4,公孙,旧版部位摘要；尚待逐条核对原标准,71,unregistered,False,,,需按原标准确认体表标志、体位和局部骨度分寸
SP5,商丘,旧版部位摘要；尚待逐条核对原标准,72,unregistered,False,,,需按原标准确认体表标志、体位和局部骨度分寸
SP6,三阴交,文献部位摘要；三维未校准,72,unregistered,False,,,内踝尖、胫骨内侧缘、局部骨度分寸
SP7,漏谷,旧版部位摘要；尚待逐条核对原标准,73,unregistered,False,,,需按原标准确认体表标志、体位和局部骨度分寸
SP8,地机,旧版部位摘要；尚待逐条核对原标准,73,unregistered,False,,,需按原标准确认体表标志、体位和局部骨度分寸
SP9,阴陵泉,旧版部位摘要；尚待逐条核对原标准,74,unregistered,False,,,需按原标准确认体表标志、体位和局部骨度分寸
SP10,血海,旧版部位摘要；尚待逐条核对原标准,74,unregistered,False,,,需按原标准确认体表标志、体位和局部骨度分寸
SP11,箕门,旧版部位摘要；尚待逐条核对原标准,75,unregistered,False,,,需按原标准确认体表标志、体位和局部骨度分寸
SP12,冲门,旧版部位摘要；尚待逐条核对原标准,75,unregistered,False,,,需按原标准确认体表标志、体位和局部骨度分寸
SP13,府舎,旧版部位摘要；尚待逐条核对原标准,76,unregistered,False,,,需按原标准确认体表标志、体位和局部骨度分寸
SP14,腹结,旧版部位摘要；尚待逐条核对原标准,76,unregistered,False,,,需按原标准确认体表标志、体位和局部骨度分寸
SP15,大橫,旧版部位摘要；尚待逐条核对原标准,77,unregistered,False,,,需按原标准确认体表标志、体位和局部骨度分寸
SP16,腹哀,旧版部位摘要；尚待逐条核对原标准,77,unregistered,False,,,需按原标准确认体表标志、体位和局部骨度分寸
SP17,食窦,旧版部位摘要；尚待逐条核对原标准,78,unregistered,False,,,需按原标准确认体表标志、体位和局部骨度分寸
SP18,天溪,旧版部位摘要；尚待逐条核对原标准,78,unregistered,False,,,需按原标准确认体表标志、体位和局部骨度分寸
SP19,胸乡,旧版部位摘要；尚待逐条核对原标准,79,unregistered,False,,,需按原标准确认体表标志、体位和局部骨度分寸
SP20,周荣,旧版部位摘要；尚待逐条核对原标准,79,unregistered,False,,,需按原标准确认体表标志、体位和局部骨度分寸
SP21,大包,旧版部位摘要；尚待逐条核对原标准,80,unregistered,False,,,需按原标准确认体表标志、体位和局部骨度分寸
HT1,极泉,旧版部位摘要；尚待逐条核对原标准,82,unregistered,False,,,需按原标准确认体表标志、体位和局部骨度分寸
HT2,青灵,旧版部位摘要；尚待逐条核对原标准,82,unregistered,False,,,需按原标准确认体表标志、体位和局部骨度分寸
HT3,少海,旧版部位摘要；尚待逐条核对原标准,83,unregistered,False,,,需按原标准确认体表标志、体位和局部骨度分寸
HT4,灵道,旧版部位摘要；尚待逐条核对原标准,83,unregistered,False,,,需按原标准确认体表标志、体位和局部骨度分寸
HT5,通里,旧版部位摘要；尚待逐条核对原标准,84,unregistered,False,,,需按原标准确认体表标志、体位和局部骨度分寸
HT6,阴郄,旧版部位摘要；尚待逐条核对原标准,84,unregistered,False,,,需按原标准确认体表标志、体位和局部骨度分寸
HT7,神门,文献部位摘要；三维未校准,85,unregistered,False,,,腕横纹、尺侧腕屈肌腱、豌豆骨周边
HT8,少府,旧版部位摘要；尚待逐条核对原标准,85,unregistered,False,,,需按原标准确认体表标志、体位和局部骨度分寸
HT9,少冲,旧版部位摘要；尚待逐条核对原标准,86,unregistered,False,,,需按原标准确认体表标志、体位和局部骨度分寸
SI1,少泽,旧版部位摘要；尚待逐条核对原标准,88,unregistered,False,,,需按原标准确认体表标志、体位和局部骨度分寸
SI2,前谷,旧版部位摘要；尚待逐条核对原标准,88,unregistered,False,,,需按原标准确认体表标志、体位和局部骨度分寸
SI3,后溪,旧版部位摘要；尚待逐条核对原标准,89,unregistered,False,,,需按原标准确认体表标志、体位和局部骨度分寸
SI4,腕骨,旧版部位摘要；尚待逐条核对原标准,89,unregistered,False,,,需按原标准确认体表标志、体位和局部骨度分寸
SI5,阳谷,旧版部位摘要；尚待逐条核对原标准,90,unregistered,False,,,需按原标准确认体表标志、体位和局部骨度分寸
SI6,养老,旧版部位摘要；尚待逐条核对原标准,90,unregistered,False,,,需按原标准确认体表标志、体位和局部骨度分寸
SI7,支正,旧版部位摘要；尚待逐条核对原标准,91,unregistered,False,,,需按原标准确认体表标志、体位和局部骨度分寸
SI8,小海,旧版部位摘要；尚待逐条核对原标准,91,unregistered,False,,,需按原标准确认体表标志、体位和局部骨度分寸
SI9,肩贞,旧版部位摘要；尚待逐条核对原标准,92,unregistered,False,,,需按原标准确认体表标志、体位和局部骨度分寸
SI10,臑俞,旧版部位摘要；尚待逐条核对原标准,92,unregistered,False,,,需按原标准确认体表标志、体位和局部骨度分寸
SI11,天宗,旧版部位摘要；尚待逐条核对原标准,93,unregistered,False,,,需按原标准确认体表标志、体位和局部骨度分寸
SI12,秉风,旧版部位摘要；尚待逐条核对原标准,93,unregistered,False,,,需按原标准确认体表标志、体位和局部骨度分寸
SI13,曲垣,旧版部位摘要；尚待逐条核对原标准,94,unregistered,False,,,需按原标准确认体表标志、体位和局部骨度分寸
SI14,肩外俞,旧版部位摘要；尚待逐条核对原标准,94,unregistered,False,,,需按原标准确认体表标志、体位和局部骨度分寸
SI15,肩中俞,旧版部位摘要；尚待逐条核对原标准,95,unregistered,False,,,需按原标准确认体表标志、体位和局部骨度分寸
SI16,天窓,旧版部位摘要；尚待逐条核对原标准,95,unregistered,False,,,需按原标准确认体表标志、体位和局部骨度分寸
SI17,天容,旧版部位摘要；尚待逐条核对原标准,96,unregistered,False,,,需按原标准确认体表标志、体位和局部骨度分寸
SI18,颧髎,旧版部位摘要；尚待逐条核对原标准,96,unregistered,False,,,需按原标准确认体表标志、体位和局部骨度分寸
SI19,听宫,旧版部位摘要；尚待逐条核对原标准,97,unregistered,False,,,需按原标准确认体表标志、体位和局部骨度分寸
BL1,睛明,旧版部位摘要；尚待逐条核对原标准,100,unregistered,False,,,需按原标准确认体表标志、体位和局部骨度分寸
BL2,攒竹,旧版部位摘要；尚待逐条核对原标准,100,unregistered,False,,,需按原标准确认体表标志、体位和局部骨度分寸
BL3,眉冲,旧版部位摘要；尚待逐条核对原标准,101,unregistered,False,,,需按原标准确认体表标志、体位和局部骨度分寸
BL4,曲差,旧版部位摘要；尚待逐条核对原标准,101,unregistered,False,,,需按原标准确认体表标志、体位和局部骨度分寸
BL5,五处,旧版部位摘要；尚待逐条核对原标准,102,unregistered,False,,,需按原标准确认体表标志、体位和局部骨度分寸
BL6,承光,旧版部位摘要；尚待逐条核对原标准,102,unregistered,False,,,需按原标准确认体表标志、体位和局部骨度分寸
BL7,通天,旧版部位摘要；尚待逐条核对原标准,103,unregistered,False,,,需按原标准确认体表标志、体位和局部骨度分寸
BL8,络却,旧版部位摘要；尚待逐条核对原标准,103,unregistered,False,,,需按原标准确认体表标志、体位和局部骨度分寸
BL9,玉枕,旧版部位摘要；尚待逐条核对原标准,104,unregistered,False,,,需按原标准确认体表标志、体位和局部骨度分寸
BL10,天柱,旧版部位摘要；尚待逐条核对原标准,104,unregistered,False,,,需按原标准确认体表标志、体位和局部骨度分寸
BL11,大杼,旧版部位摘要；尚待逐条核对原标准,105,unregistered,False,,,需按原标准确认体表标志、体位和局部骨度分寸
BL12,风门,旧版部位摘要；尚待逐条核对原标准,105,unregistered,False,,,需按原标准确认体表标志、体位和局部骨度分寸
BL13,肺俞,旧版部位摘要；尚待逐条核对原标准,106,unregistered,False,,,需按原标准确认体表标志、体位和局部骨度分寸
BL14,厥阴俞,旧版部位摘要；尚待逐条核对原标准,106,unregistered,False,,,需按原标准确认体表标志、体位和局部骨度分寸
BL15,心俞,旧版部位摘要；尚待逐条核对原标准,107,unregistered,False,,,需按原标准确认体表标志、体位和局部骨度分寸
BL16,督俞,旧版部位摘要；尚待逐条核对原标准,107,unregistered,False,,,需按原标准确认体表标志、体位和局部骨度分寸
BL17,膈俞,旧版部位摘要；尚待逐条核对原标准,108,unregistered,False,,,需按原标准确认体表标志、体位和局部骨度分寸
BL18,肝俞,旧版部位摘要；尚待逐条核对原标准,108,unregistered,False,,,需按原标准确认体表标志、体位和局部骨度分寸
BL19,膽俞,旧版部位摘要；尚待逐条核对原标准,109,unregistered,False,,,需按原标准确认体表标志、体位和局部骨度分寸
BL20,脾俞,旧版部位摘要；尚待逐条核对原标准,109,unregistered,False,,,需按原标准确认体表标志、体位和局部骨度分寸
BL21,胃俞,旧版部位摘要；尚待逐条核对原标准,110,unregistered,False,,,需按原标准确认体表标志、体位和局部骨度分寸
BL22,三焦俞,旧版部位摘要；尚待逐条核对原标准,110,unregistered,False,,,需按原标准确认体表标志、体位和局部骨度分寸
BL23,腎俞,旧版部位摘要；尚待逐条核对原标准,111,unregistered,False,,,需按原标准确认体表标志、体位和局部骨度分寸
BL24,气海俞,旧版部位摘要；尚待逐条核对原标准,111,unregistered,False,,,需按原标准确认体表标志、体位和局部骨度分寸
BL25,大腸俞,旧版部位摘要；尚待逐条核对原标准,112,unregistered,False,,,需按原标准确认体表标志、体位和局部骨度分寸
BL26,关元俞,旧版部位摘要；尚待逐条核对原标准,112,unregistered,False,,,需按原标准确认体表标志、体位和局部骨度分寸
BL27,小肠俞,旧版部位摘要；尚待逐条核对原标准,113,unregistered,False,,,需按原标准确认体表标志、体位和局部骨度分寸
BL28,膀胱俞,旧版部位摘要；尚待逐条核对原标准,113,unregistered,False,,,需按原标准确认体表标志、体位和局部骨度分寸
BL29,中膂俞,旧版部位摘要；尚待逐条核对原标准,114,unregistered,False,,,需按原标准确认体表标志、体位和局部骨度分寸
BL30,白环俞,旧版部位摘要；尚待逐条核对原标准,114,unregistered,False,,,需按原标准确认体表标志、体位和局部骨度分寸
BL31,上髎,旧版部位摘要；尚待逐条核对原标准,115,unregistered,False,,,需按原标准确认体表标志、体位和局部骨度分寸
BL32,次髎,旧版部位摘要；尚待逐条核对原标准,115,unregistered,False,,,需按原标准确认体表标志、体位和局部骨度分寸
BL33,中髎,旧版部位摘要；尚待逐条核对原标准,116,unregistered,False,,,需按原标准确认体表标志、体位和局部骨度分寸
BL34,下髎,旧版部位摘要；尚待逐条核对原标准,116,unregistered,False,,,需按原标准确认体表标志、体位和局部骨度分寸
BL35,会阳,旧版部位摘要；尚待逐条核对原标准,117,unregistered,False,,,需按原标准确认体表标志、体位和局部骨度分寸
BL36,承扶,旧版部位摘要；尚待逐条核对原标准,117,unregistered,False,,,需按原标准确认体表标志、体位和局部骨度分寸
BL37,殷门,旧版部位摘要；尚待逐条核对原标准,118,unregistered,False,,,需按原标准确认体表标志、体位和局部骨度分寸
BL38,(浮)郄,旧版部位摘要；尚待逐条核对原标准,118,unregistered,False,,,需按原标准确认体表标志、体位和局部骨度分寸
BL39,委阳,旧版部位摘要；尚待逐条核对原标准,119,unregistered,False,,,需按原标准确认体表标志、体位和局部骨度分寸
BL40,委中,旧版部位摘要；尚待逐条核对原标准,119,unregistered,False,,,需按原标准确认体表标志、体位和局部骨度分寸
BL41,附分,旧版部位摘要；尚待逐条核对原标准,120,unregistered,False,,,需按原标准确认体表标志、体位和局部骨度分寸
BL42,魄户,旧版部位摘要；尚待逐条核对原标准,120,unregistered,False,,,需按原标准确认体表标志、体位和局部骨度分寸
BL43,膏肓,旧版部位摘要；尚待逐条核对原标准,121,unregistered,False,,,需按原标准确认体表标志、体位和局部骨度分寸
BL44,神堂,旧版部位摘要；尚待逐条核对原标准,121,unregistered,False,,,需按原标准确认体表标志、体位和局部骨度分寸
BL45,譩譆,旧版部位摘要；尚待逐条核对原标准,122,unregistered,False,,,需按原标准确认体表标志、体位和局部骨度分寸
BL46,膈关,旧版部位摘要；尚待逐条核对原标准,122,unregistered,False,,,需按原标准确认体表标志、体位和局部骨度分寸
BL47,魂门,旧版部位摘要；尚待逐条核对原标准,123,unregistered,False,,,需按原标准确认体表标志、体位和局部骨度分寸
BL48,阳纲,旧版部位摘要；尚待逐条核对原标准,123,unregistered,False,,,需按原标准确认体表标志、体位和局部骨度分寸
BL49,意舎,旧版部位摘要；尚待逐条核对原标准,124,unregistered,False,,,需按原标准确认体表标志、体位和局部骨度分寸
BL50,胃仓,旧版部位摘要；尚待逐条核对原标准,124,unregistered,False,,,需按原标准确认体表标志、体位和局部骨度分寸
BL51,肓门,旧版部位摘要；尚待逐条核对原标准,125,unregistered,False,,,需按原标准确认体表标志、体位和局部骨度分寸
BL52,志室,旧版部位摘要；尚待逐条核对原标准,125,unregistered,False,,,需按原标准确认体表标志、体位和局部骨度分寸
BL53,胞肓,旧版部位摘要；尚待逐条核对原标准,126,unregistered,False,,,需按原标准确认体表标志、体位和局部骨度分寸
BL54,秩边,旧版部位摘要；尚待逐条核对原标准,126,unregistered,False,,,需按原标准确认体表标志、体位和局部骨度分寸
BL55,合阳,旧版部位摘要；尚待逐条核对原标准,127,unregistered,False,,,需按原标准确认体表标志、体位和局部骨度分寸
BL56,承筋,旧版部位摘要；尚待逐条核对原标准,127,unregistered,False,,,需按原标准确认体表标志、体位和局部骨度分寸
BL57,承山,旧版部位摘要；尚待逐条核对原标准,128,unregistered,False,,,需按原标准确认体表标志、体位和局部骨度分寸
BL58,飞扬,旧版部位摘要；尚待逐条核对原标准,128,unregistered,False,,,需按原标准确认体表标志、体位和局部骨度分寸
BL59,跗阳,旧版部位摘要；尚待逐条核对原标准,129,unregistered,False,,,需按原标准确认体表标志、体位和局部骨度分寸
BL60,昆侖,旧版部位摘要；尚待逐条核对原标准,129,unregistered,False,,,需按原标准确认体表标志、体位和局部骨度分寸
BL61,仆參(参),旧版部位摘要；尚待逐条核对原标准,130,unregistered,False,,,需按原标准确认体表标志、体位和局部骨度分寸
BL62,申脉,旧版部位摘要；尚待逐条核对原标准,130,unregistered,False,,,需按原标准确认体表标志、体位和局部骨度分寸
BL63,金门,旧版部位摘要；尚待逐条核对原标准,131,unregistered,False,,,需按原标准确认体表标志、体位和局部骨度分寸
BL64,京骨,旧版部位摘要；尚待逐条核对原标准,131,unregistered,False,,,需按原标准确认体表标志、体位和局部骨度分寸
BL65,束骨,旧版部位摘要；尚待逐条核对原标准,132,unregistered,False,,,需按原标准确认体表标志、体位和局部骨度分寸
BL66,足通谷,旧版部位摘要；尚待逐条核对原标准,132,unregistered,False,,,需按原标准确认体表标志、体位和局部骨度分寸
BL67,至阴,旧版部位摘要；尚待逐条核对原标准,133,unregistered,False,,,需按原标准确认体表标志、体位和局部骨度分寸
KI1,涌泉,文献部位摘要；三维未校准,136,unregistered,False,,,足底皮肤、屈趾姿势、足底长度标志
KI2,然谷,旧版部位摘要；尚待逐条核对原标准,136,unregistered,False,,,需按原标准确认体表标志、体位和局部骨度分寸
KI3,太溪,文献部位摘要；三维未校准,137,unregistered,False,,,内踝尖、跟腱、皮肤凹陷
KI4,大钟,旧版部位摘要；尚待逐条核对原标准,137,unregistered,False,,,需按原标准确认体表标志、体位和局部骨度分寸
KI5,水泉,旧版部位摘要；尚待逐条核对原标准,138,unregistered,False,,,需按原标准确认体表标志、体位和局部骨度分寸
KI6,照海,旧版部位摘要；尚待逐条核对原标准,138,unregistered,False,,,需按原标准确认体表标志、体位和局部骨度分寸
KI7,复溜,旧版部位摘要；尚待逐条核对原标准,139,unregistered,False,,,需按原标准确认体表标志、体位和局部骨度分寸
KI8,交信,旧版部位摘要；尚待逐条核对原标准,139,unregistered,False,,,需按原标准确认体表标志、体位和局部骨度分寸
KI9,筑宾,旧版部位摘要；尚待逐条核对原标准,140,unregistered,False,,,需按原标准确认体表标志、体位和局部骨度分寸
KI10,阴谷,旧版部位摘要；尚待逐条核对原标准,140,unregistered,False,,,需按原标准确认体表标志、体位和局部骨度分寸
KI11,橫骨,旧版部位摘要；尚待逐条核对原标准,141,unregistered,False,,,需按原标准确认体表标志、体位和局部骨度分寸
KI12,大赫,旧版部位摘要；尚待逐条核对原标准,141,unregistered,False,,,需按原标准确认体表标志、体位和局部骨度分寸
KI13,气穴,旧版部位摘要；尚待逐条核对原标准,142,unregistered,False,,,需按原标准确认体表标志、体位和局部骨度分寸
KI14,四满,旧版部位摘要；尚待逐条核对原标准,142,unregistered,False,,,需按原标准确认体表标志、体位和局部骨度分寸
KI15,中注,旧版部位摘要；尚待逐条核对原标准,143,unregistered,False,,,需按原标准确认体表标志、体位和局部骨度分寸
KI16,肓俞,旧版部位摘要；尚待逐条核对原标准,143,unregistered,False,,,需按原标准确认体表标志、体位和局部骨度分寸
KI17,商曲,旧版部位摘要；尚待逐条核对原标准,144,unregistered,False,,,需按原标准确认体表标志、体位和局部骨度分寸
KI18,石关,旧版部位摘要；尚待逐条核对原标准,144,unregistered,False,,,需按原标准确认体表标志、体位和局部骨度分寸
KI19,阴都,旧版部位摘要；尚待逐条核对原标准,145,unregistered,False,,,需按原标准确认体表标志、体位和局部骨度分寸
KI20,腹通谷,旧版部位摘要；尚待逐条核对原标准,145,unregistered,False,,,需按原标准确认体表标志、体位和局部骨度分寸
KI21,幽门,旧版部位摘要；尚待逐条核对原标准,146,unregistered,False,,,需按原标准确认体表标志、体位和局部骨度分寸
KI22,歩廊,旧版部位摘要；尚待逐条核对原标准,146,unregistered,False,,,需按原标准确认体表标志、体位和局部骨度分寸
KI23,神封,旧版部位摘要；尚待逐条核对原标准,147,unregistered,False,,,需按原标准确认体表标志、体位和局部骨度分寸
KI24,灵墟,旧版部位摘要；尚待逐条核对原标准,147,unregistered,False,,,需按原标准确认体表标志、体位和局部骨度分寸
KI25,神蔵,旧版部位摘要；尚待逐条核对原标准,148,unregistered,False,,,需按原标准确认体表标志、体位和局部骨度分寸
KI26,彧中,旧版部位摘要；尚待逐条核对原标准,148,unregistered,False,,,需按原标准确认体表标志、体位和局部骨度分寸
KI27,俞府,文献部位摘要；三维未校准,149,unregistered,False,,,锁骨下缘、前正中线、胸部骨度分寸
PC1,天池,旧版部位摘要；尚待逐条核对原标准,152,unregistered,False,,,需按原标准确认体表标志、体位和局部骨度分寸
PC2,天泉,旧版部位摘要；尚待逐条核对原标准,152,unregistered,False,,,需按原标准确认体表标志、体位和局部骨度分寸
PC3,曲泽,旧版部位摘要；尚待逐条核对原标准,153,unregistered,False,,,需按原标准确认体表标志、体位和局部骨度分寸
PC4,郄门,旧版部位摘要；尚待逐条核对原标准,153,unregistered,False,,,需按原标准确认体表标志、体位和局部骨度分寸
PC5,间使,旧版部位摘要；尚待逐条核对原标准,154,unregistered,False,,,需按原标准确认体表标志、体位和局部骨度分寸
PC6,內关,文献部位摘要；三维未校准,154,unregistered,False,,,腕掌侧远端横纹、两条肌腱、前臂分寸
PC7,大陵,旧版部位摘要；尚待逐条核对原标准,155,unregistered,False,,,需按原标准确认体表标志、体位和局部骨度分寸
PC8,劳宫,旧版部位摘要；尚待逐条核对原标准,155,unregistered,False,,,需按原标准确认体表标志、体位和局部骨度分寸
PC9,中冲,旧版部位摘要；尚待逐条核对原标准,156,unregistered,False,,,需按原标准确认体表标志、体位和局部骨度分寸
TE1,关冲,旧版部位摘要；尚待逐条核对原标准,158,unregistered,False,,,需按原标准确认体表标志、体位和局部骨度分寸
TE2,液门,旧版部位摘要；尚待逐条核对原标准,158,unregistered,False,,,需按原标准确认体表标志、体位和局部骨度分寸
TE3,中渚,旧版部位摘要；尚待逐条核对原标准,159,unregistered,False,,,需按原标准确认体表标志、体位和局部骨度分寸
TE4,阳池,旧版部位摘要；尚待逐条核对原标准,159,unregistered,False,,,需按原标准确认体表标志、体位和局部骨度分寸
TE5,外关,旧版部位摘要；尚待逐条核对原标准,160,unregistered,False,,,需按原标准确认体表标志、体位和局部骨度分寸
TE6,支沟,旧版部位摘要；尚待逐条核对原标准,160,unregistered,False,,,需按原标准确认体表标志、体位和局部骨度分寸
TE7,会宗,旧版部位摘要；尚待逐条核对原标准,161,unregistered,False,,,需按原标准确认体表标志、体位和局部骨度分寸
TE8,三阳络,旧版部位摘要；尚待逐条核对原标准,161,unregistered,False,,,需按原标准确认体表标志、体位和局部骨度分寸
TE9,四渎,旧版部位摘要；尚待逐条核对原标准,162,unregistered,False,,,需按原标准确认体表标志、体位和局部骨度分寸
TE10,天井,旧版部位摘要；尚待逐条核对原标准,162,unregistered,False,,,需按原标准确认体表标志、体位和局部骨度分寸
TE11,清令渊,旧版部位摘要；尚待逐条核对原标准,163,unregistered,False,,,需按原标准确认体表标志、体位和局部骨度分寸
TE12,消泺,旧版部位摘要；尚待逐条核对原标准,163,unregistered,False,,,需按原标准确认体表标志、体位和局部骨度分寸
TE13,臑会,旧版部位摘要；尚待逐条核对原标准,164,unregistered,False,,,需按原标准确认体表标志、体位和局部骨度分寸
TE14,肩髎,旧版部位摘要；尚待逐条核对原标准,164,unregistered,False,,,需按原标准确认体表标志、体位和局部骨度分寸
TE15,天髎,旧版部位摘要；尚待逐条核对原标准,165,unregistered,False,,,需按原标准确认体表标志、体位和局部骨度分寸
TE16,天牖,旧版部位摘要；尚待逐条核对原标准,165,unregistered,False,,,需按原标准确认体表标志、体位和局部骨度分寸
TE17,翳风,旧版部位摘要；尚待逐条核对原标准,166,unregistered,False,,,需按原标准确认体表标志、体位和局部骨度分寸
TE18,瘈脉,旧版部位摘要；尚待逐条核对原标准,166,unregistered,False,,,需按原标准确认体表标志、体位和局部骨度分寸
TE19,颅息,旧版部位摘要；尚待逐条核对原标准,167,unregistered,False,,,需按原标准确认体表标志、体位和局部骨度分寸
TE20,角孙,旧版部位摘要；尚待逐条核对原标准,167,unregistered,False,,,需按原标准确认体表标志、体位和局部骨度分寸
TE21,耳门,旧版部位摘要；尚待逐条核对原标准,168,unregistered,False,,,需按原标准确认体表标志、体位和局部骨度分寸
TE22,耳和髎,旧版部位摘要；尚待逐条核对原标准,168,unregistered,False,,,需按原标准确认体表标志、体位和局部骨度分寸
TE23,丝竹空,旧版部位摘要；尚待逐条核对原标准,169,unregistered,False,,,需按原标准确认体表标志、体位和局部骨度分寸
GB1,瞳子髎,旧版部位摘要；尚待逐条核对原标准,172,unregistered,False,,,需按原标准确认体表标志、体位和局部骨度分寸
GB2,听会,旧版部位摘要；尚待逐条核对原标准,172,unregistered,False,,,需按原标准确认体表标志、体位和局部骨度分寸
GB3,上关,旧版部位摘要；尚待逐条核对原标准,173,unregistered,False,,,需按原标准确认体表标志、体位和局部骨度分寸
GB4,颔厌,旧版部位摘要；尚待逐条核对原标准,173,unregistered,False,,,需按原标准确认体表标志、体位和局部骨度分寸
GB5,悬颅,旧版部位摘要；尚待逐条核对原标准,174,unregistered,False,,,需按原标准确认体表标志、体位和局部骨度分寸
GB6,悬厘,旧版部位摘要；尚待逐条核对原标准,174,unregistered,False,,,需按原标准确认体表标志、体位和局部骨度分寸
GB7,曲鬓,旧版部位摘要；尚待逐条核对原标准,175,unregistered,False,,,需按原标准确认体表标志、体位和局部骨度分寸
GB8,率谷,旧版部位摘要；尚待逐条核对原标准,175,unregistered,False,,,需按原标准确认体表标志、体位和局部骨度分寸
GB9,天冲,旧版部位摘要；尚待逐条核对原标准,176,unregistered,False,,,需按原标准确认体表标志、体位和局部骨度分寸
GB10,(浮)白,旧版部位摘要；尚待逐条核对原标准,176,unregistered,False,,,需按原标准确认体表标志、体位和局部骨度分寸
GB11,头窍阴,旧版部位摘要；尚待逐条核对原标准,177,unregistered,False,,,需按原标准确认体表标志、体位和局部骨度分寸
GB12,完骨,旧版部位摘要；尚待逐条核对原标准,177,unregistered,False,,,需按原标准确认体表标志、体位和局部骨度分寸
GB13,本神,旧版部位摘要；尚待逐条核对原标准,178,unregistered,False,,,需按原标准确认体表标志、体位和局部骨度分寸
GB14,阳白,旧版部位摘要；尚待逐条核对原标准,178,unregistered,False,,,需按原标准确认体表标志、体位和局部骨度分寸
GB15,头临泣,旧版部位摘要；尚待逐条核对原标准,179,unregistered,False,,,需按原标准确认体表标志、体位和局部骨度分寸
GB16,目窓,旧版部位摘要；尚待逐条核对原标准,179,unregistered,False,,,需按原标准确认体表标志、体位和局部骨度分寸
GB17,正营,旧版部位摘要；尚待逐条核对原标准,180,unregistered,False,,,需按原标准确认体表标志、体位和局部骨度分寸
GB18,承灵,旧版部位摘要；尚待逐条核对原标准,180,unregistered,False,,,需按原标准确认体表标志、体位和局部骨度分寸
GB19,脑空,旧版部位摘要；尚待逐条核对原标准,181,unregistered,False,,,需按原标准确认体表标志、体位和局部骨度分寸
GB20,风池,文献部位摘要；三维未校准,181,unregistered,False,,,枕骨、胸锁乳突肌、斜方肌、体表凹陷
GB21,肩井,旧版部位摘要；尚待逐条核对原标准,182,unregistered,False,,,需按原标准确认体表标志、体位和局部骨度分寸
GB22,渊液,旧版部位摘要；尚待逐条核对原标准,182,unregistered,False,,,需按原标准确认体表标志、体位和局部骨度分寸
GB23,辄筋,旧版部位摘要；尚待逐条核对原标准,183,unregistered,False,,,需按原标准确认体表标志、体位和局部骨度分寸
GB24,日月,旧版部位摘要；尚待逐条核对原标准,183,unregistered,False,,,需按原标准确认体表标志、体位和局部骨度分寸
GB25,京门,旧版部位摘要；尚待逐条核对原标准,184,unregistered,False,,,需按原标准确认体表标志、体位和局部骨度分寸
GB26,带脉,旧版部位摘要；尚待逐条核对原标准,184,unregistered,False,,,需按原标准确认体表标志、体位和局部骨度分寸
GB27,五枢,旧版部位摘要；尚待逐条核对原标准,185,unregistered,False,,,需按原标准确认体表标志、体位和局部骨度分寸
GB28,维道,旧版部位摘要；尚待逐条核对原标准,185,unregistered,False,,,需按原标准确认体表标志、体位和局部骨度分寸
GB29,居髎,旧版部位摘要；尚待逐条核对原标准,186,unregistered,False,,,需按原标准确认体表标志、体位和局部骨度分寸
GB30,环跳,旧版部位摘要；尚待逐条核对原标准,186,unregistered,False,,,需按原标准确认体表标志、体位和局部骨度分寸
GB31,风市,旧版部位摘要；尚待逐条核对原标准,187,unregistered,False,,,需按原标准确认体表标志、体位和局部骨度分寸
GB32,中渎,旧版部位摘要；尚待逐条核对原标准,187,unregistered,False,,,需按原标准确认体表标志、体位和局部骨度分寸
GB33,膝阳关,旧版部位摘要；尚待逐条核对原标准,188,unregistered,False,,,需按原标准确认体表标志、体位和局部骨度分寸
GB34,阳陵泉,旧版部位摘要；尚待逐条核对原标准,188,unregistered,False,,,需按原标准确认体表标志、体位和局部骨度分寸
GB35,阳交,旧版部位摘要；尚待逐条核对原标准,189,unregistered,False,,,需按原标准确认体表标志、体位和局部骨度分寸
GB36,外邱,旧版部位摘要；尚待逐条核对原标准,189,unregistered,False,,,需按原标准确认体表标志、体位和局部骨度分寸
GB37,光明,旧版部位摘要；尚待逐条核对原标准,190,unregistered,False,,,需按原标准确认体表标志、体位和局部骨度分寸
GB38,阳辅,旧版部位摘要；尚待逐条核对原标准,190,unregistered,False,,,需按原标准确认体表标志、体位和局部骨度分寸
GB39,悬钟,旧版部位摘要；尚待逐条核对原标准,191,unregistered,False,,,需按原标准确认体表标志、体位和局部骨度分寸
GB40,坵墟,旧版部位摘要；尚待逐条核对原标准,191,unregistered,False,,,需按原标准确认体表标志、体位和局部骨度分寸
GB41,足临泣,旧版部位摘要；尚待逐条核对原标准,192,unregistered,False,,,需按原标准确认体表标志、体位和局部骨度分寸
GB42,地五会,旧版部位摘要；尚待逐条核对原标准,192,unregistered,False,,,需按原标准确认体表标志、体位和局部骨度分寸
GB43,侠溪,旧版部位摘要；尚待逐条核对原标准,193,unregistered,False,,,需按原标准确认体表标志、体位和局部骨度分寸
GB44,足窍阴,旧版部位摘要；尚待逐条核对原标准,193,unregistered,False,,,需按原标准确认体表标志、体位和局部骨度分寸
LR1,大敦,旧版部位摘要；尚待逐条核对原标准,196,unregistered,False,,,需按原标准确认体表标志、体位和局部骨度分寸
LR2,行间,旧版部位摘要；尚待逐条核对原标准,196,unregistered,False,,,需按原标准确认体表标志、体位和局部骨度分寸
LR3,太冲,文献部位摘要；三维未校准,197,unregistered,False,,,第1、2跖骨底、足背皮肤凹陷
LR4,中封,旧版部位摘要；尚待逐条核对原标准,197,unregistered,False,,,需按原标准确认体表标志、体位和局部骨度分寸
LR5,蠡沟,旧版部位摘要；尚待逐条核对原标准,198,unregistered,False,,,需按原标准确认体表标志、体位和局部骨度分寸
LR6,中都(都),旧版部位摘要；尚待逐条核对原标准,198,unregistered,False,,,需按原标准确认体表标志、体位和局部骨度分寸
LR7,膝关,旧版部位摘要；尚待逐条核对原标准,199,unregistered,False,,,需按原标准确认体表标志、体位和局部骨度分寸
LR8,曲泉,旧版部位摘要；尚待逐条核对原标准,199,unregistered,False,,,需按原标准确认体表标志、体位和局部骨度分寸
LR9,阴包,旧版部位摘要；尚待逐条核对原标准,200,unregistered,False,,,需按原标准确认体表标志、体位和局部骨度分寸
LR10,足五里,旧版部位摘要；尚待逐条核对原标准,200,unregistered,False,,,需按原标准确认体表标志、体位和局部骨度分寸
LR11,阴廉,旧版部位摘要；尚待逐条核对原标准,201,unregistered,False,,,需按原标准确认体表标志、体位和局部骨度分寸
LR12,急脉,旧版部位摘要；尚待逐条核对原标准,201,unregistered,False,,,需按原标准确认体表标志、体位和局部骨度分寸
LR13,章门,旧版部位摘要；尚待逐条核对原标准,202,unregistered,False,,,需按原标准确认体表标志、体位和局部骨度分寸
LR14,期门,旧版部位摘要；尚待逐条核对原标准,202,unregistered,False,,,需按原标准确认体表标志、体位和局部骨度分寸
GV1,长強,旧版部位摘要；尚待逐条核对原标准,,unregistered,False,,,需按原标准确认体表标志、体位和局部骨度分寸
GV2,腰俞,旧版部位摘要；尚待逐条核对原标准,,unregistered,False,,,需按原标准确认体表标志、体位和局部骨度分寸
GV3,腰阳关,旧版部位摘要；尚待逐条核对原标准,,unregistered,False,,,需按原标准确认体表标志、体位和局部骨度分寸
GV4,命门,旧版部位摘要；尚待逐条核对原标准,,unregistered,False,,,需按原标准确认体表标志、体位和局部骨度分寸
GV5,悬枢,旧版部位摘要；尚待逐条核对原标准,,unregistered,False,,,需按原标准确认体表标志、体位和局部骨度分寸
GV6,脊中,旧版部位摘要；尚待逐条核对原标准,,unregistered,False,,,需按原标准确认体表标志、体位和局部骨度分寸
GV7,中枢,旧版部位摘要；尚待逐条核对原标准,,unregistered,False,,,需按原标准确认体表标志、体位和局部骨度分寸
GV8,筋缩,旧版部位摘要；尚待逐条核对原标准,,unregistered,False,,,需按原标准确认体表标志、体位和局部骨度分寸
GV9,至阳,旧版部位摘要；尚待逐条核对原标准,,unregistered,False,,,需按原标准确认体表标志、体位和局部骨度分寸
GV10,灵台,旧版部位摘要；尚待逐条核对原标准,,unregistered,False,,,需按原标准确认体表标志、体位和局部骨度分寸
GV11,神道,旧版部位摘要；尚待逐条核对原标准,,unregistered,False,,,需按原标准确认体表标志、体位和局部骨度分寸
GV12,身柱,旧版部位摘要；尚待逐条核对原标准,,unregistered,False,,,需按原标准确认体表标志、体位和局部骨度分寸
GV13,陶道,旧版部位摘要；尚待逐条核对原标准,,unregistered,False,,,需按原标准确认体表标志、体位和局部骨度分寸
GV14,大椎,文献部位摘要；三维未校准,,unregistered,False,,,第7颈椎棘突、后正中线、体表凹陷
GV15,哑门,旧版部位摘要；尚待逐条核对原标准,,unregistered,False,,,需按原标准确认体表标志、体位和局部骨度分寸
GV16,风府,旧版部位摘要；尚待逐条核对原标准,,unregistered,False,,,需按原标准确认体表标志、体位和局部骨度分寸
GV17,脑戶,旧版部位摘要；尚待逐条核对原标准,,unregistered,False,,,需按原标准确认体表标志、体位和局部骨度分寸
GV18,強间,旧版部位摘要；尚待逐条核对原标准,,unregistered,False,,,需按原标准确认体表标志、体位和局部骨度分寸
GV19,后顶,旧版部位摘要；尚待逐条核对原标准,,unregistered,False,,,需按原标准确认体表标志、体位和局部骨度分寸
GV20,百会,文献部位摘要；三维未校准,,unregistered,False,,,前发际、头部正中线、头部骨度分寸
GV21,前顶,旧版部位摘要；尚待逐条核对原标准,,unregistered,False,,,需按原标准确认体表标志、体位和局部骨度分寸
GV22,囟会,旧版部位摘要；尚待逐条核对原标准,,unregistered,False,,,需按原标准确认体表标志、体位和局部骨度分寸
GV23,上星,旧版部位摘要；尚待逐条核对原标准,,unregistered,False,,,需按原标准确认体表标志、体位和局部骨度分寸
GV24,神庭,旧版部位摘要；尚待逐条核对原标准,,unregistered,False,,,需按原标准确认体表标志、体位和局部骨度分寸
GV25,素髎,旧版部位摘要；尚待逐条核对原标准,,unregistered,False,,,需按原标准确认体表标志、体位和局部骨度分寸
GV26,水沟,旧版部位摘要；尚待逐条核对原标准,,unregistered,False,,,需按原标准确认体表标志、体位和局部骨度分寸
GV27,兑端,旧版部位摘要；尚待逐条核对原标准,,unregistered,False,,,需按原标准确认体表标志、体位和局部骨度分寸
GV28,龈交,旧版部位摘要；尚待逐条核对原标准,,unregistered,False,,,需按原标准确认体表标志、体位和局部骨度分寸
CV1,会阴,旧版部位摘要；尚待逐条核对原标准,,unregistered,False,,,需按原标准确认体表标志、体位和局部骨度分寸
CV2,曲骨,旧版部位摘要；尚待逐条核对原标准,,unregistered,False,,,需按原标准确认体表标志、体位和局部骨度分寸
CV3,中极,旧版部位摘要；尚待逐条核对原标准,,unregistered,False,,,需按原标准确认体表标志、体位和局部骨度分寸
CV4,关元,旧版部位摘要；尚待逐条核对原标准,,unregistered,False,,,需按原标准确认体表标志、体位和局部骨度分寸
CV5,石门,旧版部位摘要；尚待逐条核对原标准,,unregistered,False,,,需按原标准确认体表标志、体位和局部骨度分寸
CV6,气海,旧版部位摘要；尚待逐条核对原标准,,unregistered,False,,,需按原标准确认体表标志、体位和局部骨度分寸
CV7,阴交,旧版部位摘要；尚待逐条核对原标准,,unregistered,False,,,需按原标准确认体表标志、体位和局部骨度分寸
CV8,神阙,文献部位摘要；三维未校准,,unregistered,False,,,肚脐这一体表标志
CV9,水分,旧版部位摘要；尚待逐条核对原标准,,unregistered,False,,,需按原标准确认体表标志、体位和局部骨度分寸
CV10,下脘,旧版部位摘要；尚待逐条核对原标准,,unregistered,False,,,需按原标准确认体表标志、体位和局部骨度分寸
CV11,建里,旧版部位摘要；尚待逐条核对原标准,,unregistered,False,,,需按原标准确认体表标志、体位和局部骨度分寸
CV12,中脘,旧版部位摘要；尚待逐条核对原标准,,unregistered,False,,,需按原标准确认体表标志、体位和局部骨度分寸
CV13,上脘,旧版部位摘要；尚待逐条核对原标准,,unregistered,False,,,需按原标准确认体表标志、体位和局部骨度分寸
CV14,巨阙,旧版部位摘要；尚待逐条核对原标准,,unregistered,False,,,需按原标准确认体表标志、体位和局部骨度分寸
CV15,鸠尾,旧版部位摘要；尚待逐条核对原标准,,unregistered,False,,,需按原标准确认体表标志、体位和局部骨度分寸
CV16,中庭,旧版部位摘要；尚待逐条核对原标准,,unregistered,False,,,需按原标准确认体表标志、体位和局部骨度分寸
CV17,膻中,旧版部位摘要；尚待逐条核对原标准,,unregistered,False,,,需按原标准确认体表标志、体位和局部骨度分寸
CV18,玉堂,旧版部位摘要；尚待逐条核对原标准,,unregistered,False,,,需按原标准确认体表标志、体位和局部骨度分寸
CV19,紫宫,旧版部位摘要；尚待逐条核对原标准,,unregistered,False,,,需按原标准确认体表标志、体位和局部骨度分寸
CV20,华盖,旧版部位摘要；尚待逐条核对原标准,,unregistered,False,,,需按原标准确认体表标志、体位和局部骨度分寸
CV21,璇玑,旧版部位摘要；尚待逐条核对原标准,,unregistered,False,,,需按原标准确认体表标志、体位和局部骨度分寸
CV22,天突,旧版部位摘要；尚待逐条核对原标准,,unregistered,False,,,需按原标准确认体表标志、体位和局部骨度分寸
CV23,廉泉,旧版部位摘要；尚待逐条核对原标准,,unregistered,False,,,需按原标准确认体表标志、体位和局部骨度分寸
CV24,承浆,旧版部位摘要；尚待逐条核对原标准,,unregistered,False,,,需按原标准确认体表标志、体位和局部骨度分寸
